forename,name,rating
Aby,Diallo,7.316
Adele,Dreano-T,5.443
Alix,Gibrat,7.105
Amalia,Owona,6.8095
Amance,Kerbaul,8.3405
Aminata,Ly,5.9815
Amycollet,Mane,7.2455
Ange,T.Lorciere,8.4495
Anya,Poole,8.3765
Astou,Gaye,8.43
Astrid,Courbot,6.47
Audrone,Zdaneviciute,6.8625
Brandy,Beasley,10
Bright,K.Aman,10
Cameron,Kolissoko,6.6125
Carolina,Rodrigues,10
Charlie,Girod,7.0715
Chloe,Pinel,5.0815
Chloé,Mace,10
Clara,Causeur,8.553
Clara,Soghomonian,8.159
Clarisse,Vergiat,6.5035
Cristal,S. Zeutsop,8.641
Daniela,Dibanzilua,9.122
Davina,Kasongo,9.872
Demeara,Hinds,8.604
Diankeba,Guirassy,7.05
Dieyneba,Niang,8.3125
Dorcas,N'ganfina,7.004
Dounya,B-Ganguia,7.212
Eleana,Moise,5.0875
Elyah,Kiavi,9.0485
Emilie,Raynaud,8.224
Emily,Prugnieres,9.2455
Emma,Gosselin,7.0555
Eva,Faillot,8.5975
Evie,Poulain,6.433
Goundo,Sissoko,7.818
Grace,E-Aguebor,7.5995
Grace,N. Ndoumbe,5.012
Hatoumata,Diakite,7.7405
Helena,Delaruelle,7.2155
Ilona,Hattab,8.9535
Ines,Debroise,9.093
Inès,Nezerwa,8.626
Irma,Rahmanovic,7.104
Jessica,Yonga,5.184
Joelly,Belleka,8.296
Julie,Tetart,9.168
Julie,Marson,5
Juliette,Nold,7.1805
Khadidiatou,Diouf,8.3805
Kimberley,Adonis,8.0115
Kimberly,K. N'simba,7.727
Lana,Bentoumi,8.7705
Lana,Meilland,5
Lauryn,Vieira,7.733
Léa,Djoko,6.097
Lelia,Lesueur,7.622
Lena,Timera,6.9945
Lena,Monasse,6.685
Lidsey,Mahoukou,7.6975
Louane,Foirest,6.846
Louise,Preneau,7.916
Madelyn,Batista,7.1435
Mae,J. Louis,6.8295
Maellyne,Ravin,6.772
Maelys,Faurat,5
Mame,Gueye,5.996
Marguerite,Effa,6.666
Mariama,N'diaye,7.157
M-Bernadette,Mbuyamba,6.62
Marine,Mulumba,6.119
Mariya,Diawara,6.648
Maryam,Sow,5
Maud,Stervinou,8.31
Mwinda,Mukenge,8.4015
Nabala,Fofana,9.0765
Natsuki,Szczokin,7.4525
Neyvaeh,Marcin,5.214
Noah,Caille,5.924
Noemie,Durand,7.767
Pauline,Lithard,10
Pauline,Lanfant,8.3125
Pauline,Stalars,7.597
Philippine,Delpech,8.442
Romane,Le Vern,5.6785
Rose,Laure,5.6705
Sarah,Boucaud,6.816
Sarah-Yvanna,Keboum,6.9005
Shainny's,Legros,6.4415
Shelby,Saint Juste,10
Stella,Kessler,7.3885
Stepha,M'baye,8.0935
Tameyia,Sadler,8.2535
Tea,Polyte,5.8145
Tess,Barbosa,7.1555
Yloann,Matima,9.2635
Ysaline,Saulnier,7.5495
Zarah,Velleyen,9.079