"forename","name","rating"
"Ainhoa","Risacher","7.5625"
"Alberte","Rimdal","8.11825"
"Aleksa","Gulbe","9.35975"
"Alix","Duchet","6.75475"
"Ana","M. Filip","6.8295"
"Anaelle","Dutat","7.21225"
"Angie","Nkodia",5
"Anna","Ngo Ndjock","8.65325"
"Ashunae","Durant","9.94925"
"Asianae","Johnson","7.18075"
"Assitan","Kone",9.221
"Awa","Trasi","6.19375"
"Becky","Massey","6.85825"
"Bethy","Mununga",8.354
"Binta","Drame","8.23775"
"Camille","Droguet","6.4135"
"Camille","Sevaux","6.2645"
"Caroline","Heriaud",8.376
"Celia","Cardenal","8.33925"
"Claire","Dalstra","6.6655"
"Clarince","D-Tabdi","7.76175"
"Clarisse","Legrand",7.013
"Coline","Franchelin",10
"Coralie","Chabrier","8.15425"
"Dara","Mabrey",6.205
"Dominique","Toussaint","8.60125"
"Elise","Marie","6.31225"
"Elodie","Naigre","6.64775"
"Elsie","Nelhomme",5.154
"Emma","Dechanoz","5.2165"
"Eve","Mahoutou","6.65375"
"Garance","Rabot","8.4005"
"Hawa","Komara","7.68325"
"Helene","Jakovljevic",7.308
"Ines","Pitarch-Granel","8.34925"
"Janice","Albert","5.23175"
"Jasmine","Thomas","7.3875"
"Javyn","Nicholson","8.43075"
"Jessica","Lindstrom","7.50175"
"Jessica","Mavambou","6.76425"
"Julie","Pospisilova",6.624
"Klaudia","Papp",7.412
"Koi","Love","5.67525"
"Kylee","Shook",5.932
"Laura","Evrard","8.05325"
"Laura","Mendez","6.7505"
"Laura","Ziegler",10
"Laura","Zolper","6.6585"
"Leane","Tardy",6.207
"Leck-Olivia","Yale",8.135
"Liliana","Banaszak","6.50775"
"Louise","Bussiere","6.0195"
"Lucie","Darre","6.1405"
"Maelynn","Elmira-Eudaric","6.26375"
"Maeva","Djaldi-Tabdi","7.2985"
"Maewenn","Poilve","6.1785"
"Maia","Hirsch","5.30475"
"Manaelle","Yerbe",9.016
"Manoe","Cisse","6.5965"
"Margot","De Freitas",6.065
"Maria","Jespersen","8.85375"
"Mariama","Daramy",8.276
"Mariana","Muadi","9.02675"
"Marie","Pardon",6.349
"MP","Dally",9.242
"Marie-Eve","Paget","6.06725"
"M-M","Milapie","6.90175"
"Maroussia","Droguet","5.6905"
"Marta","Hermida",9.247
"Masseny","Kaba","8.80875"
"Mathilde","Selle",7.305
"Maye","Toure","8.47125"
"McKenzie","Forbes",7.669
"Merveille","Lokoka",6.389
"Molly","Kaiser","6.9645"
"MJ","Musa","7.33775"
"Naema","Kouadio","6.17725"
"Naomi","Mbandu","8.2045"
"Nathalie","Desset",8.206
"Oumou","Diarisso","7.83275"
"Penda","Diagne","5.57075"
"Romane","Bernies","6.67"
"Samantha","Breen","7.64875"
"Samantha","Peytour",6.676
"Sara","Chevaugeon","7.0685"
"Sarah","Cisse","8.50425"
"Shakayla","Thomas","6.94775"
"Sixtine","Macquet",8.469
"Sophia","Elenga","7.66575"
"Stella","Colas",8.358
"Stella","Johnson","9.37525"
"Steph","Kostowicz",8.214
"Susannah","Rafiu","6.56575"
"Sydney","Wallace","7.57875"
"Taya","Reimer","7.86475"
"Thelma","Leray",6.861
"Tiffany","Clarke",6.894
"Tilise","Boisseron","6.99275"
"Trinity","Baptiste",7.217
"Trinity","San Antonio","8.63575"
"Vaciana","Gomis",7.427
"Yvanna","Enjolvy","7.0635"
